variable,categoria,n,porcentaje
entrega_atrasada,0,4436,40.33093917628875
entrega_atrasada,1,6563,59.66906082371125
bloque_bodega,A,1833,16.665151377397947
bloque_bodega,B,1833,16.665151377397947
bloque_bodega,C,1833,16.665151377397947
bloque_bodega,D,1834,16.674243113010274
bloque_bodega,F,3666,33.330302754795895
modalidad_envio,Flight,1777,16.156014183107555
modalidad_envio,Road,1760,16.001454677697975
modalidad_envio,Ship,7462,67.84253113919448
calificacion_cliente,1,2235,20.32002909355396
calificacion_cliente,2,2165,19.683607600690973
calificacion_cliente,3,2239,20.356396036003275
calificacion_cliente,4,2189,19.901809255386855
calificacion_cliente,5,2171,19.73815801436494
importancia_producto,low,5297,48.1589235385035
importancia_producto,medium,4754,43.22211110100918
importancia_producto,high,948,8.618965360487318
genero,F,5545,50.41367397036094
genero,M,5454,49.58632602963906
